﻿pos_x,pos_y,rotation,side,designator,mpn,pack,value,mount_type,place
75.565,-50.165,180.0,top,J1,,PinHeader_1x03_P2.54mm_Horizontal,Left A,tht,True
75.565,-62.865,180.0,top,J2,,PinHeader_1x03_P2.54mm_Horizontal,Left B,tht,True
108.585,-50.165,0.0,top,J3,,PinHeader_1x03_P2.54mm_Horizontal,Left Encoder,tht,True
75.565,-75.565,180.0,top,J4,,PinHeader_1x03_P2.54mm_Horizontal,Right A,tht,True
75.565,-88.265,180.0,top,J5,,PinHeader_1x03_P2.54mm_Horizontal,Right B,tht,True
108.585,-73.66,0.0,top,J6,,PinHeader_1x03_P2.54mm_Horizontal,Right Encoder,tht,True
95.25,-45.085,180.0,top,R1,,R_Axial_DIN0207_L6.3mm_D2.5mm_P7.62mm_Horizontal,1k,tht,True
95.25,-57.785,180.0,top,R2,,R_Axial_DIN0207_L6.3mm_D2.5mm_P7.62mm_Horizontal,1k,tht,True
95.25,-70.485,180.0,top,R3,,R_Axial_DIN0207_L6.3mm_D2.5mm_P7.62mm_Horizontal,1k,tht,True
95.25,-83.185,180.0,top,R4,,R_Axial_DIN0207_L6.3mm_D2.5mm_P7.62mm_Horizontal,1k,tht,True
